alpha,beta,gamma,D,coherence,entropy
0.11539048051578638,0.10921937332364207,0.37061770003690125,0.7730014968574223,0.00010090421650486905,0.020915191341922035
0.08233558725054002,0.09242959309772805,0.5559399412667916,0.6752190390142752,9.67750314334708e-05,0.018280443318262434
0.06954266732965522,0.11837428825387578,0.7085856579498511,0.7580425491622591,0.00010118868911602033,0.02059386098093343
0.08051630699886285,0.11330095515041735,0.7788487006797817,0.6224476374577177,9.612449578156755e-05,0.018096178203344828
0.09826077469029794,0.08293890592274365,0.498081867965504,0.8890413278391212,9.813795909132564e-05,0.01907233476351108
0.1161139221407675,0.10121433336903576,0.5733065066755041,0.6973794222200583,0.0001067901218083776,0.023550563987863447
0.08344800595444404,0.09087712831780922,0.36727780554769446,0.8221109852173668,0.00010949499039228699,0.024533050847969168
0.08206121285009083,0.08516717469507244,0.6760007018007264,0.6186892170207619,9.718168504106828e-05,0.01857611419110925
0.11320583293295854,0.0921370174207037,0.65150681861962,0.6998154831058943,9.330557034020307e-05,0.016928722126311642
0.07912008497151513,0.11037685180509636,0.43462598296400423,0.617667752543163,9.894088851013008e-05,0.019939754210435836
0.10361889937796841,0.10414031036814315,0.7567257328925442,0.6882265939645176,9.679789193535332e-05,0.01842834232546732
0.07564291226111898,0.0995520264497049,0.7665957236701566,0.829169344506923,0.00010477586291053624,0.023602224326116895
0.11499601486838851,0.09290914902227361,0.8380765328628093,0.7178086859151487,9.826799499009167e-05,0.019548985440997996
0.11709358102585472,0.11536940542263031,0.5610913828340134,0.8664200614572558,0.00010104588302688538,0.0200417035756794
0.06813115663379363,0.11008856693611618,0.7170405391447858,0.9234375092146487,9.320018249891801e-05,0.016756829789436097
0.08720048425793267,0.09180304756957858,0.8852835782948527,0.8020249602628897,9.422116942367853e-05,0.017307129199976626
0.05019256204337743,0.11704403567691893,0.45999683400280655,0.8647611124166443,0.00010993286305009334,0.025097076500384632
0.09826558394150262,0.08975700842580768,0.5274731549849545,0.9589713490228301,9.739441528395215e-05,0.01844740597627497
0.08543835799825131,0.08929872745926705,0.3904168412788281,0.8515150372682119,0.00010894697813454865,0.02398966501927944
0.11684843825283825,0.11111731719562534,0.6262403802972203,0.8536732564706766,9.681250858324969e-05,0.017874958951307925
0.09717031121809055,0.10535841591226787,0.6361203381559721,0.6960642016323393,9.784887156313381e-05,0.018577436887169077
0.06462469923228148,0.11023737865364239,0.5602535631303757,0.8753199855214482,9.732199040802447e-05,0.018305955527131976
0.06038403870296628,0.08468188081741408,0.36715639015331747,0.9751362652484539,0.00010776722685339208,0.023539482785173777
0.05410755714210545,0.08306413747512252,0.5519108310506431,0.8872335722509683,0.00010829397205461652,0.02414931769150547
0.0637801315863732,0.10612263230808207,0.5782920112474247,0.7652485540514737,9.504169686352798e-05,0.017429981999898446
0.10926443229241431,0.10702238511174428,0.7957673413753455,0.6618293473309328,9.144853631412359e-05,0.01652260549174296
0.09212104336083203,0.10260144306275448,0.7502697420925034,0.7455150131160959,9.051177352331444e-05,0.016273302282119467
0.0946373431411438,0.11350039390996307,0.7071037412717125,0.922615080390192,9.452547969795275e-05,0.017528883763089167
0.06345011137895494,0.08411746070856703,0.44575953118716816,0.9268832307134641,0.00010986297420301643,0.024322594690386272
0.07607052548105957,0.09463349122021786,0.4840961945717599,0.8901167662467884,0.00010824179305121165,0.023998303843429016
0.06415002640946586,0.10740153086002284,0.5014421788174704,0.7330535842721393,0.00010447942764231232,0.021624256568452602
0.0783242623088145,0.08668977275867602,0.4587395139711917,0.8423138419881517,9.723745987551765e-05,0.018944283654066536
0.09841190292486643,0.08058007925782491,0.5437561007964468,0.702370826287387,0.00010899012533990582,0.024613063039924783
0.08198155066862686,0.11534795208179141,0.8359985310301019,0.7262212566777149,9.094877452913034e-05,0.01635029062779984
0.11570657586230729,0.10122608227912926,0.8269883284600845,0.7446030885443068,9.045546620043046e-05,0.015744291332872893
0.0784309830268864,0.09374223246978633,0.7402003398281516,0.7974221073814847,9.375696223746705e-05,0.01695818994113323
0.10489438340669968,0.08600238129322973,0.3347718060893179,0.8527990635966899,0.00011477285780716042,0.02767143721018318
0.07999268950420022,0.08739980130299001,0.7391288462024332,0.9714755125398384,9.19775038925334e-05,0.016351005026122117
0.05094880834262116,0.09342587290286739,0.33562789046982794,0.6857491021953168,0.00011145261242551854,0.025794439103071335
0.08299923835145553,0.10983937933841213,0.37363191850196775,0.6279432227853119,0.000110481118574181,0.02492437321749266
0.11450054296413037,0.08275524337967655,0.320517584006521,0.9467522706769652,0.00010895480347787828,0.02432781353969839
0.0729462871589825,0.1016109242322711,0.8050053751359563,0.6852052275842039,9.41954335861957e-05,0.017561047778595046
0.10541139270803723,0.1029262107367692,0.6308888949423875,0.832550749341778,9.59780173807939e-05,0.017508703223285474
0.1091458360384474,0.11700538926953817,0.4588099705226049,0.9311654072321045,0.00010075396527147648,0.020201327368236682
0.11065511070257703,0.11908542142287389,0.5483086450053151,0.7624717938324135,0.00010191193807505297,0.02008375557699857
0.10944215867230188,0.0955122195758951,0.5648817766711646,0.8297499968299795,0.00010039561557927124,0.019230388375785223
0.051328301428887044,0.11596072949875216,0.39079731284128266,0.9786829834107151,0.0001120023685055286,0.026067824148406377
0.09410133344788811,0.10114298323312312,0.570028051753696,0.6786668914858563,9.88951241194972e-05,0.019007535870360442
0.07501704999797071,0.11337697532807928,0.3172089542775445,0.7296524605547952,0.00010802648490087771,0.024238111272167403
0.10972474339711893,0.10738911040867083,0.8846208655619785,0.802211365488079,8.784035567260278e-05,0.015421184267961732
0.08373879741505254,0.09056414711390698,0.5144671431126064,0.7140589013446786,0.00010046737316844295,0.01964215650709025
0.09019306344878752,0.09300757329378846,0.8905675378960285,0.6935474665313909,8.893274545720963e-05,0.015777518033025056
0.10446598719170982,0.11483587099246371,0.8415560971048006,0.9088617351478279,9.326146555356768e-05,0.016671654366435827
0.06091229608345877,0.09028112209345379,0.542275086882152,0.7037145074298515,0.00010086519653990805,0.019764880121648086
0.09969629607415537,0.09475197015038653,0.7399481880786432,0.6187537191903731,0.00010404743061426135,0.02249958549708846
0.07943247186523927,0.11529049137730557,0.6977727510145508,0.7868830338122926,0.00010039570467133583,0.0201769903071813
0.051340772535446826,0.11519029970507738,0.5920771320135985,0.7387388624389034,9.86271313134628e-05,0.018479278242705312
0.0866752981348595,0.08364338736216106,0.5601632245776496,0.8562994161882133,9.511292268457022e-05,0.01749934268476097
0.068961625388061,0.11091490909991351,0.48244724084232293,0.8813216653295755,0.00010401472695214,0.021417704097719235
0.06690746700346822,0.09973381280189648,0.7206303945097373,0.816470192400764,9.366766659160427e-05,0.017012129618963413
0.09879252987336312,0.09043872777325294,0.5684309225395652,0.9094214741224484,0.00010044741363646328,0.019563454741475535
0.11154916102867707,0.10006983599510562,0.854162232530177,0.8280156629417715,8.904730819677156e-05,0.016015164026082027
0.07581771528635917,0.10576414791847982,0.5485693992026787,0.7149001034572808,0.00010364157782548728,0.021110212713194243
0.050674199860037794,0.10031649351110124,0.6550681582110685,0.6776722749898311,0.00010020179451673613,0.019684381547909566
0.06255437103991797,0.08172765109643618,0.4946666239646581,0.6300910155658493,9.649840595186073e-05,0.018518577675003447
0.11418717935912531,0.11662014784080844,0.4869016570010385,0.8030003109373081,9.509665020591557e-05,0.01787738075837705
0.10479133316433245,0.08167316879669126,0.5367558237179638,0.945255910026764,0.00010052087838493234,0.019730191317442598
0.06874721077889077,0.09823211532049744,0.5554001840946756,0.8024573318330727,9.853148086553833e-05,0.01897917797909495
0.10666062066779394,0.08400426793649142,0.495643287669178,0.9978421192909861,9.960652329477673e-05,0.01931385305952381
0.09613887665754281,0.11740939066512221,0.6951654712439728,0.8627511432115018,9.610338446323482e-05,0.01785790214063775
0.11698604213538646,0.09787664939263517,0.34420354992153834,0.9374497545329787,0.0001037783522148985,0.022181629931089866
0.07703892777379125,0.09168759305630306,0.4705115203138238,0.8642674121440961,9.715972184114158e-05,0.0191757701716041
0.0959072166329093,0.08098611731494859,0.7221623353948909,0.934884721750231,0.00010200602880540093,0.021317006529385018
0.09309792725545349,0.09752382252868394,0.6639706677454511,0.8080034495548339,9.243358179610972e-05,0.01685328505125539
0.06056247403090786,0.11963800824217066,0.5651258916424196,0.8409752085651927,0.00010542718343101902,0.022312307938930125
0.07176973780952364,0.09721523005678384,0.492557981315071,0.9182053944960854,9.59341756257793e-05,0.018071767016389698
0.07326200327317432,0.09161748398808849,0.3441972378585216,0.6931458724269849,0.00010244021292361089,0.021696659166292875
0.09994685670817763,0.0899758880539227,0.33728143774648583,0.9787720183355932,0.00010378445830704983,0.02226185551120532
0.10436227577918691,0.0906313715891889,0.5235552687781999,0.6091211698271962,9.377406106269583e-05,0.017339385537191155
0.1154996009083492,0.08126050984009255,0.8131072451362233,0.844285197382125,9.264030647182164e-05,0.016821050163908634
0.08457485024599079,0.0821470009212509,0.37623789561508036,0.957895516658224,9.91985571885054e-05,0.02032764625463582
0.08393838001550347,0.11794482823864921,0.3719210293816766,0.6980625122679909,0.00010390214742269833,0.021838516753171788
0.10072837597832976,0.09465361128884639,0.3119835617449025,0.9828191911598849,0.00010938373828312659,0.024843136787542897
0.11184902982101909,0.10559668223653577,0.44008935042828246,0.8846922500097358,0.00010563148038658879,0.021980558425830802
0.11675552855154156,0.11133158641491431,0.584672339078351,0.8010831846297893,9.82283620274052e-05,0.018583405535053048
0.08013218845942609,0.08764357011523424,0.7022727196042706,0.8623739226203528,0.00010192356657386742,0.021307173408458658
0.09511505371867499,0.09079705638548705,0.8484188237410681,0.8567334977441233,9.052263492504185e-05,0.016153584773372073
0.06012397084560682,0.08917659589573383,0.35670545284448063,0.8327606071356894,0.00010145311162420886,0.020991671071099175
0.07303963443746284,0.08758359306310701,0.7457649354624932,0.9136825381792907,9.453839454291145e-05,0.017261609919673074
0.11084342174261186,0.09519234100967978,0.4444264752205705,0.7220234708832728,9.613032075012719e-05,0.018928455297884707
0.08993675567443912,0.11256825051637173,0.6007786440925198,0.9480563240784692,0.00010014041085025971,0.019827095891989315
0.0645603789995219,0.10024216564807982,0.5018691824115574,0.9715785366334122,9.77221250632057e-05,0.0187388763632115
0.11848093049182519,0.0910367100400089,0.7498374787632427,0.7206994535785884,8.967241377705986e-05,0.016473458131910156
0.07358480149830154,0.1081352337533756,0.6494510617517975,0.7921217507601286,0.00010243534245263041,0.021008495109946273
0.08383320117653774,0.0847676056005784,0.3317210148249172,0.9246229823351362,0.00010758789105106804,0.023695848042354674
0.06626465985717597,0.08169401747598352,0.5935134368936525,0.7215480532277212,9.238828502569818e-05,0.016883344889311282
0.0558206542640877,0.0892125709559496,0.6705726131211462,0.622866334880478,9.779658295288656e-05,0.018575454190029997
0.0882649739441041,0.10113034613381974,0.8060978410865554,0.7274458552736853,9.522739288968331e-05,0.01790066454948596
0.08710537889173618,0.08640884007202274,0.37896323945584615,0.6324711313783763,0.00010441389532413039,0.021969285387035176
0.10602738339223411,0.11679320206666399,0.4192364551416422,0.9789457992370412,0.00010076065355476227,0.020313573929267286
0.07558123663514292,0.114803920261206,0.3412104921076354,0.8972420233861961,0.00010600661825239507,0.02255260617578795
0.08274305123487632,0.115428101640324,0.5087669898371745,0.8114089414338165,9.936889388721856e-05,0.018929327799907306
0.11268924374970053,0.10957610681061522,0.7404710934858385,0.7608749101633705,9.762016576187565e-05,0.01876994909957617
0.05278425137505481,0.10410164337485199,0.4683839662441672,0.7128725290872431,9.971627113934208e-05,0.01967588968943975
0.1054337330724408,0.08319156778714597,0.7050845198185407,0.9039606175886925,9.671957434427055e-05,0.01861567788938131
0.06623094508423355,0.08677283540900373,0.5280810137324132,0.8944263073758267,0.00010458294290790063,0.021500350054141765
0.06366550366639014,0.11649455485666933,0.7542778038838773,0.7473870752393565,9.453973428542697e-05,0.01756057250396682
0.06936037068717886,0.08402626362359265,0.40273752054053874,0.802828977148629,9.891656126852462e-05,0.020042951144513477
0.09183054387336363,0.0833827625800536,0.3154181842652873,0.7174028792373618,0.00010191350475841448,0.02217580424567835
0.09690893943387227,0.09035373645153452,0.5445419615308342,0.8990591060407325,9.348543542272488e-05,0.017272270484906847
0.09679924723897362,0.09694562175133206,0.7574136711519732,0.6227335006262117,9.694298689567954e-05,0.018688743500378226
0.07417351886870031,0.10610471558097481,0.4952577232619161,0.9278483531301214,9.605865475178132e-05,0.018644006333472383
0.052887072343861447,0.10873611510840145,0.3136955632626686,0.7183118441017714,0.00011453586332710261,0.027539444733242918
0.06249150846200237,0.08125002514655248,0.49291727136253816,0.6459856168786607,9.595667590296522e-05,0.018323115506362776
0.07430109428793613,0.0843654649913728,0.4242897410495983,0.9771316054140826,0.00010118019166056641,0.02028997971187568
0.06195897546552063,0.11395103183078142,0.8591896661336738,0.9060168281889647,9.744183320619184e-05,0.0191801923009216
0.11006978463062049,0.10037956872753437,0.7828752949698241,0.6431775205914174,9.376426329086804e-05,0.017387371038627152
0.10739545894460395,0.11675958436940209,0.8868644476912837,0.7760239269784608,9.501392532039975e-05,0.01814685597319756
0.0506881388898616,0.10499852162264059,0.6854503734015513,0.8882124499340367,9.027083874883906e-05,0.01615780994574823
0.1168648259669121,0.08165404502659968,0.4650711452466678,0.9226714146546423,9.86810998100183e-05,0.019043994625789623
0.09488317929732194,0.09621424654714789,0.484858419115618,0.8208938940943866,9.703208631196852e-05,0.018505679551382492
0.11518249928523601,0.08402560129283418,0.426968103945187,0.9164815618283659,0.00010743896265776562,0.023377394685182303
0.0825784865486142,0.08730817234315458,0.33568390559598615,0.8640429902348734,0.00010740263058775489,0.02346547858905822
0.09295206474095627,0.09797554669623434,0.4833233303910872,0.7218927508837032,9.929748787449882e-05,0.01960022955205292
0.08765800108083513,0.09205780314796748,0.7899726187644462,0.8457950869078107,9.616974745605799e-05,0.018526193908152563
0.09156776574481287,0.11470122413252917,0.36267021998855,0.8472367549008819,0.00010062349982769664,0.020774826732602322
0.10280914765979773,0.11080975152019618,0.37227229484222196,0.6923151560422705,9.881897207415492e-05,0.020355061657467463
0.05319085826769502,0.10299303278719571,0.7474411717011391,0.6649012552013455,8.990645236570094e-05,0.016081511852708973
0.10752666210638018,0.08095331881496447,0.6733257985384531,0.8600344073486925,9.07769374422547e-05,0.016097695753806523
0.06802876520918613,0.10760163423749819,0.7100081560443215,0.8531590075134957,9.34868040701455e-05,0.016768103230423718
0.08307929412876196,0.10453575691013986,0.33231860249279943,0.8825643843524704,0.0001129907261030606,0.026967478816986627
0.06964365025240994,0.10455633280124581,0.6259556428635362,0.9818353375815356,9.510059978267504e-05,0.017605243131161005
0.09961754369692524,0.1168711506728118,0.4998887146493246,0.9105961025473815,0.00010113285612922174,0.020293324869866926
0.07294405953049636,0.11565842868218905,0.47875989512635747,0.778519744167578,0.00010004834691438588,0.019425579620426084
0.08923243611414645,0.10313770097817387,0.762004012055437,0.8374992697051767,9.315836905671583e-05,0.01693840513118475
0.11756893028691666,0.1170097518932126,0.48029175720877504,0.757186083552289,0.00010638580252950797,0.022600434730565482
0.08423641506290627,0.11150990693517299,0.747211633668712,0.7730671501057741,9.040702798251709e-05,0.0160694212127154
0.06325163290533553,0.10937246709529355,0.7416108295341939,0.8204184424522515,8.931189296085576e-05,0.01581956782822538
0.10831994637148251,0.09520093325292794,0.5873353596221328,0.7338029055124293,9.247052275894984e-05,0.01699704919554215
0.08540646039009142,0.10973773547955983,0.3786342822920832,0.7492565041118742,9.9923586276632e-05,0.020281402992528084
0.058913087388490534,0.0915678996933578,0.5511651082550008,0.8416952149285131,9.817535528150916e-05,0.018677821288083294
0.09026339328233868,0.09894536887250586,0.7961362788918849,0.7034853681839671,8.841530126238186e-05,0.015454198498176468
0.08356051940240594,0.08333387959224861,0.44873539659899603,0.6453029040372392,9.895020946867298e-05,0.01918973484547371
0.09248894534234656,0.10156228553140173,0.5719805082272803,0.9251588145092061,0.00010148220938784444,0.020129350160313964
0.05923812265325213,0.09134178265011426,0.8875271341592053,0.9234705901711318,9.46036429752537e-05,0.01817131862888654
0.09237915847254782,0.10708423938947761,0.4743690783858322,0.9218646296163385,0.00010313446647707912,0.02078819064291305
0.07683805508670473,0.08266899544695189,0.7568873115554693,0.787186905383675,9.567950630798125e-05,0.017903869234172788
0.05472798893295795,0.11764365512359279,0.6072524904960146,0.743000229699305,9.718200152974091e-05,0.018383030226049604
0.0998674595237305,0.09637854562685855,0.33733423889721054,0.7313633846002371,0.00010504854858197633,0.022807816061163527
0.08393971359224392,0.09323569151245825,0.5541241734092468,0.785745329697092,0.00010386653298408028,0.021265057203538877
0.09793939299241208,0.09033886344642736,0.40996123523230954,0.9747790934132134,9.73895655023076e-05,0.019174459563624662
0.10366914540380126,0.0848909227122874,0.874690849225612,0.9034768286805114,9.059006324463098e-05,0.016081391673093123
0.10777964230245021,0.11527779209123182,0.6389167136159751,0.7634679072244501,0.0001002677828170047,0.01971561423907533
0.07938487895551871,0.08347984375991113,0.8715375829067389,0.9743322929190154,8.873011778984327e-05,0.015393412047143245
0.0656933552012262,0.09831793179754372,0.45170916600265854,0.694626498654359,0.00010313229891723272,0.02114842947539611
0.05996262115951576,0.11884525324068718,0.5925695482195885,0.8380792096434201,0.00010548256280229247,0.022726795401624686
0.0903961123688345,0.08383892223001711,0.3478291129217171,0.9884836528106516,0.00010614454315971525,0.02280804203204638
0.11497463412728884,0.11778025659076677,0.49698869303657434,0.6208600560855039,0.00010209360082373306,0.020452190995702595
0.055993022308966564,0.11960626771763463,0.8425708972097254,0.6292491208733814,9.534806900815108e-05,0.01798592897793744
0.09372927939596079,0.08105000901656835,0.6587223755172991,0.9075788124759628,9.321018446790289e-05,0.01675871912282217
0.06768667188105079,0.08631629216312785,0.34697616983470225,0.8618623917638921,0.00010862361923717936,0.024127724065734598
0.08038435007717042,0.0981876612427133,0.8323958965163536,0.7795055762244709,0.00010013272120122053,0.02049636255785408
0.10006450326461055,0.08744159628631037,0.3885063254259125,0.9496264034660301,0.00010654734820660338,0.022863578017729827
0.0951432010620617,0.10235905468455858,0.3203326519183328,0.9416968702116363,0.0001026639905373628,0.02218556012607563
0.0631005153150197,0.1118768432760516,0.7558741646945858,0.6916842851138998,0.00010098743662093257,0.020562366250613473
0.07764331349281642,0.11322324282819629,0.5450002650236739,0.9127460176862234,9.967237808204431e-05,0.019256934172378407
0.05268160215857449,0.08772114505988608,0.86502938526686,0.8916226975621224,8.922941046547842e-05,0.01583835088494376
0.05048086527173164,0.11284399360247185,0.596448828290508,0.7930613999974648,0.00010256016729867953,0.02066233493217745
0.08252017024362962,0.08185922554248927,0.7356454484484664,0.6540710940410858,9.439822897786523e-05,0.017383665929550308
0.09854062907086486,0.10119988604089741,0.5277327897367917,0.694943771747061,9.799888763007595e-05,0.0186259237613487
0.08814677196987497,0.10643417139560422,0.4315476125968032,0.8929304710079855,0.00010442593993640425,0.021512577143334405
0.09756083892817263,0.11207947072183252,0.5012604771285945,0.7664445831865978,0.0001061870522442541,0.022512132709631216
0.1027330559608936,0.08764712613727194,0.7136492713244136,0.6416310372184858,9.548840805021363e-05,0.017735353596400612
0.10436511989743316,0.10304200098730878,0.6508908908766817,0.8641950274719397,0.00010200988356671051,0.02088026300397584
0.10304424562692459,0.09005469541321068,0.7953798139249096,0.984633783945347,9.010560409219722e-05,0.015965443791137023
0.10663962833417559,0.11578145365147754,0.6783349489243865,0.98203786237242,9.493048000832902e-05,0.017380898811843515
0.10536367413150521,0.08852270582932999,0.762941186564843,0.7231686682530833,9.815015780664854e-05,0.01903697751567232
0.08099008621634872,0.0944520196015053,0.47208421438071585,0.7400556321062615,9.570959529605034e-05,0.018346716668163718
0.07060234159168732,0.08055692004188915,0.7544922146745954,0.7588731900511909,9.135455840190476e-05,0.01647128817141872
0.08532743584208838,0.1009804734737719,0.31783678691140244,0.9762967612593028,0.00011276209845260906,0.02655560578197057
0.09300694275586846,0.08000247442854493,0.7151418670984964,0.7045292072641979,9.365732882605437e-05,0.017023290236450408
0.07329705569980419,0.09965233243920593,0.8098647353813244,0.6721447922771004,9.292260062161642e-05,0.016994277435572556
0.07630344901097562,0.10901266148148239,0.34037770530814954,0.6273689527492381,0.00011505725835200749,0.02807022459898093
0.0854683983282061,0.11997201051720785,0.45328518156698294,0.7802765554969217,0.00010418336329309747,0.02124697230234458
0.08626469908604806,0.09761154982993424,0.8289844602284182,0.9289042820787359,9.675673438830672e-05,0.018585034652562192
0.07023204933530929,0.0928963681946215,0.7942658956892461,0.7856867283885258,9.180467826281927e-05,0.01657551766845657
0.11928896086697416,0.0961889540064401,0.6285567132200968,0.7657775604626342,9.667523931272277e-05,0.018157256303578926
0.08693128928157731,0.08732911885030042,0.5902157487758363,0.8864192797458244,9.269748062427701e-05,0.01686432023534585
0.085173647059647,0.10139243334058948,0.49950155454431233,0.913159134601681,0.00010594573296271699,0.022843706755648008
0.08527806193276427,0.08828786276686922,0.6486486648296783,0.826710581761762,9.237420070147864e-05,0.016413819720801213
0.06478369573523221,0.10894660158571794,0.541231217898449,0.8635293403358932,9.649684804365531e-05,0.01791884484049216
0.10260446493737052,0.08603818644248522,0.48051855467768395,0.7035684602446348,0.0001028286738213445,0.02039895028773877
0.10185618231563334,0.09259996244821567,0.8144276865515225,0.7333694691383887,9.626550925234959e-05,0.018217499211429133
0.08263346323412568,0.114912350003226,0.4118122149466025,0.9044500958771349,0.0001009769902602894,0.0202074116590443
0.09728726169024556,0.11922690628666902,0.5014858784242121,0.8100590470902636,9.885956388267697e-05,0.01903478158232407
0.10138244988293868,0.08913695817737878,0.7488718080982124,0.881632165804207,9.172601747372864e-05,0.016725119352591616
0.08147674799127519,0.1199471879091389,0.8262559462796162,0.7191645385017968,9.13830870420767e-05,0.016386982139161697
0.11179163730144576,0.09984161226517045,0.45739014128037925,0.8449814358844074,0.00010406147072021088,0.02151650887239178
0.09219005877426319,0.09500778166643113,0.6587302541390931,0.7888150827054248,9.53970269166573e-05,0.017290139517803452
0.1061238428986494,0.10043039518051528,0.40763981509916464,0.7374477942761755,9.726945943436491e-05,0.01901623983198751
0.08079132485289803,0.11432629315254964,0.5129429915392603,0.6879059121583007,9.476017736777851e-05,0.017756516766797504
0.11268310680355903,0.0852750811155967,0.7038242029084043,0.9642827280950601,8.997430764345657e-05,0.016321920487625815
0.052714126880371234,0.10637222481144477,0.7065559054294756,0.7682076663379289,9.75073283030652e-05,0.01870578161279664
0.0846046962833502,0.11024014058249991,0.573951312466586,0.6190487157403154,9.366413236021472e-05,0.017440892902427597
0.06195713694768358,0.09493206016956596,0.3438207238005801,0.8434227785738049,0.00011116306382009178,0.025642149400160637
0.06252300033090133,0.09765272884896874,0.43262605854517344,0.8994077672137935,0.00010252828973385743,0.020738036055817612
0.07499701978784475,0.08991346474354735,0.49136079432607305,0.8970032687608149,0.00010400355141356315,0.021798612095691252
0.07611091260370315,0.0949778435505009,0.40343645480019236,0.7160377398482247,9.946790291016675e-05,0.020251627131743718
0.10293697673699527,0.08795412689106617,0.3384882194965302,0.9202064085929524,0.00010236273875075151,0.021643347150836854
0.07453378884247802,0.08147479939408926,0.6580811338623851,0.6381596174654033,9.843716628804114e-05,0.018850295212238518
0.06820480100386511,0.0993593241431808,0.7996974035898601,0.7365948442881464,9.415323074390764e-05,0.017398449227942578
0.07605560468422783,0.08205191431275045,0.6350692341687119,0.663237977564312,9.578727673945704e-05,0.01777992098215653
0.05640559512843618,0.10567602491719141,0.5333546423159443,0.7621685891225443,0.00010887903429469803,0.02453707826559613
0.05783070890750297,0.09524144478437023,0.48463937884401953,0.6957106183758079,9.935958859821986e-05,0.019327937960265065
0.08356086205106848,0.11000784629914526,0.8188447161447872,0.867313571634494,8.953022257476303e-05,0.01574479176172945
0.06019056058627349,0.1088198587018449,0.3870679220993578,0.7969314614349223,0.00010008157247026953,0.020418331884100943
0.08735897632445977,0.09160658853900172,0.8444092003415755,0.7497165329544132,0.00010240900037035983,0.02230859935547635
0.0815747320543285,0.08891443928838565,0.8501472976474993,0.8596114265031503,9.209655758861526e-05,0.01673893490943081
0.058387533984976696,0.08456207366195564,0.5842907264966772,0.6283715141688834,9.932713340945687e-05,0.01899252262373511
0.08107981110233188,0.09616558668499427,0.8671274965598594,0.7972385539447805,9.458797422990086e-05,0.01798396329987945
0.09636191934799718,0.09777285129987093,0.45238346308835203,0.840892818866695,9.662755973138656e-05,0.01877861184972099
0.05545107103346209,0.08138527405822676,0.3707809301804764,0.6540675516176151,0.00010865423799522123,0.02381710105595785
0.07555333794733823,0.08709153833655585,0.5736705383142193,0.7928098764254947,9.343429723260353e-05,0.01732025025015724
0.11468020977257186,0.09158429752204716,0.6726628256528462,0.6568695875171253,0.00010438134795238651,0.02212481627985413
0.057749970525417506,0.09079231698950627,0.6905111164927524,0.7589429443307686,9.787553717812763e-05,0.018681042100730204
0.06444879885254151,0.08740880603537793,0.8407214051377878,0.9995541067772955,0.00010210003496512121,0.021673611513743824
0.07795807716208941,0.10388186520827034,0.42430015362278817,0.8052666542186411,0.00010162919367805756,0.020640624134283636
0.051123793837735805,0.1092558967859614,0.3646520592057137,0.6838237572869119,0.00010658598062447466,0.022649600704760603
0.05773321464460352,0.11791372412493012,0.7389059204409341,0.614149574260675,8.996085550500985e-05,0.015977757166365177
0.050061464483541436,0.11554111140556077,0.6372635932080091,0.9261719696132182,0.0001033959539966573,0.02171490836153521
0.08833206759378084,0.1169083245672661,0.3559710480627821,0.789627412567084,0.00010997781064587297,0.025209207473934982
0.110511479640437,0.08814700329926903,0.7359634095943108,0.6560994132503046,9.312828756829128e-05,0.01691020713699856
0.0956594562171956,0.10835917375634355,0.568424621271258,0.7576148249051494,9.4784542710446e-05,0.01753983945404593
0.09695866110431524,0.10799903014619172,0.3591299397623925,0.7825065520613942,0.00010627026115006171,0.022636888772277004
0.11305581372645655,0.10829018905971476,0.8831002334900968,0.7244665299439197,9.818256524461571e-05,0.019634914831929577
0.07224130667242176,0.08534352852973878,0.6906957758925114,0.9875541664069917,9.584711021936272e-05,0.017745427094372823
0.06654442085389164,0.11195700391014045,0.4704327254361067,0.8613544861817528,0.00010296747971236502,0.020955021632806707
0.0599615461108598,0.11413861758142047,0.8016708914397523,0.9644717181419372,0.00010199433535573157,0.021619381844941624
0.06875925266175581,0.0957964311695157,0.3872129560150714,0.9258286362615233,9.92614312181453e-05,0.019875093714605968
0.07554434541976968,0.08856972395816796,0.8933220250126592,0.7571995357399257,8.761380381966238e-05,0.015116402842560734
0.10136002644403455,0.09006217509238175,0.6035167725734337,0.9739655346566327,9.452007635838114e-05,0.01769435709859117
0.0874327944329094,0.08348052388618252,0.640475522762488,0.9870023635082124,9.621462352074346e-05,0.01792311721572902
0.059069710346465076,0.08691696209416985,0.669832660788103,0.6398959153013348,9.357019659879046e-05,0.01735646512726907
0.11243540554469214,0.10243423979979958,0.43251992873482514,0.9943626967377192,9.955500173155253e-05,0.01944499624175814
0.08180942180816235,0.08192962923693135,0.4766064489788633,0.7193591433517974,0.00010921544968828637,0.024314906374343845
0.09393452724420737,0.08797263888793193,0.8540537350483186,0.9935419026173283,9.263293967106935e-05,0.017279109784531965
0.06998401758255901,0.10635537688331997,0.4869431621692413,0.927733422397325,0.00010003438303854467,0.01939978840438962
0.07763176774017272,0.11824644533199187,0.6137366735552754,0.7824948449472638,0.00010201446467159501,0.02070601982953434
0.09318197535582906,0.11610789982773598,0.30324183773582497,0.9350279682321911,0.00011009753204597341,0.025533422556571643
0.058775345132242716,0.10528787316582004,0.8365048631170777,0.7252766378993981,9.182931030213146e-05,0.01673054797122183
0.07208182256019163,0.11499740842463957,0.4274596845973276,0.6927752739564454,0.00010491352923719944,0.021896209957536158
0.09599955791342762,0.10042450325489714,0.632293677792177,0.7252560763964258,9.907241839708322e-05,0.019152234895404498
0.07596283447823196,0.08822912867615341,0.6406465146247494,0.8785755822602841,9.873100108929051e-05,0.01901213357515943
0.06099263189555822,0.10481355281429611,0.43774000494100307,0.9412581349476028,0.00010029305320189605,0.01970983929263307
0.057642795179878796,0.11865359806599607,0.7078718832517901,0.968773011392117,9.058839551515552e-05,0.016476854932854272
0.11243234554002807,0.10829619976562398,0.7613744028802634,0.9856739629585218,9.16406087672469e-05,0.016445887191918213
0.1138235153181434,0.08994408022790151,0.42916175516326793,0.7726072679536256,9.889319339887789e-05,0.01953314379059038
0.06230148374121325,0.09533407436333025,0.5968989031389547,0.7452995690143123,9.539937829341584e-05,0.017815316494840534
0.07914318208001273,0.09259978643694344,0.3397814273681181,0.8526015855362461,0.0001024427125413827,0.021525975376508327
0.0932678401206476,0.09638782286006688,0.5948411126719411,0.7514710816449451,9.548653705727888e-05,0.01761222253124508
0.07056162262344533,0.1013112614211584,0.7945271201103341,0.7343909973736309,8.956854550498596e-05,0.01583552090580252
0.09472539331625349,0.08180267661280106,0.48248297383109573,0.9026301837238203,9.754423294938483e-05,0.019077434018535157
0.11738689867869609,0.0970430039672865,0.712752286888616,0.8940510968318152,9.671397896135803e-05,0.018388286218003487
0.06560943877764382,0.0996605798694244,0.553513087193679,0.8357934816851005,9.861496609229713e-05,0.01913615161486937
0.0722405062977765,0.09045503779191556,0.7816736008018199,0.7791515063894903,9.593788297510792e-05,0.017999336620360917
0.10366654746064717,0.10421984177718659,0.629456587535717,0.7946910239616342,9.13594447794562e-05,0.016366166116024004
0.07395898989961253,0.09483574019431859,0.7233846167051703,0.8746268699203994,9.19185799388831e-05,0.016283194368477964
0.11397714392553554,0.08600062323133714,0.5370650656247489,0.8917117964847591,9.544731483404509e-05,0.01783951075584389
0.09927566204109034,0.09982216539400256,0.7015931352238358,0.7699157759347293,9.64110928140432e-05,0.018350884427991165
0.08514051290198546,0.08534421715759961,0.7657886755516755,0.7461902963192015,9.84503076770851e-05,0.019424463548249653
0.10986616844478198,0.10115632749356696,0.4101882393961729,0.9760376099186022,9.883205008947267e-05,0.0199456741199262
0.05050022624734881,0.10016467278090176,0.39498981994179067,0.8949685953765456,0.00010837272243691172,0.023551042892518397
0.10942352614883832,0.10575102627796619,0.531640536021591,0.6667481623364625,0.00010672647945264712,0.023047560700865933
0.10109323960462151,0.08363536951418307,0.3290906374141259,0.8433146585949621,0.000108860859934302,0.02455700465466388
0.09905295085421315,0.11049703436523473,0.8982411978018758,0.8264601312710461,9.489816427378195e-05,0.018073582871664714
0.07054626158554136,0.0882334811846706,0.32865485843703524,0.8393174664216632,0.00010149020355780054,0.021629506936897205
0.0778794740804249,0.08588764482600418,0.596654504822939,0.9789554444474847,9.829875104402053e-05,0.0190153226372079
0.10092926134523286,0.0913285151174358,0.6827720106980528,0.7219307024736401,9.905956616662456e-05,0.019217768842485817
0.09782694492152375,0.10495519740198374,0.6090134678205424,0.6269143094388339,9.232910472645515e-05,0.016923621405221904
0.11070466193295128,0.10466398998624601,0.4364582454919582,0.7636565213732707,0.00010549767435558862,0.021907882714103842
0.09761097835873342,0.09703754813053536,0.44611827800932985,0.9801004403662724,0.00010299188183748443,0.021131442689569378
0.07936970152173121,0.10256104274629681,0.5104037861870079,0.8629618158017792,9.930429027058147e-05,0.01899521186601352
0.07894057504096359,0.09314189362360445,0.6170769558209089,0.878721786291125,9.316264272468238e-05,0.017107506789471053
0.08790358944525192,0.1167145273446325,0.5146941768662819,0.8240665835007153,0.0001005126094276331,0.01941372369444804
0.09444561814031954,0.10195612624403096,0.34895471029016534,0.7353746061268456,0.00010914655046738461,0.024418321774867167
0.10224738641902217,0.10609694679839868,0.31604118833797357,0.8441665296298595,0.00010553594968381667,0.023543325730441114
0.09852719045426847,0.10338563841861224,0.654255346708061,0.9964925225190933,9.249841898465136e-05,0.016992743664016062
0.10051472004397381,0.10920966899480723,0.32513066586006023,0.7692259820230919,0.00010796945831804272,0.023757026603445117
0.07081578550699974,0.0998813430026455,0.5246825259258041,0.9350905636148473,0.00010265370487247993,0.020553037554138513
0.08234387756957164,0.10007695194910296,0.7255929040275768,0.7187935955938878,0.00010009729746855749,0.019669123249690768
0.10072500518061178,0.09604602572367388,0.7452211676912106,0.7520683150853853,8.901523794892672e-05,0.01580092264284103
0.1176310869603777,0.10083984042551694,0.44688810527152245,0.6519839264789612,9.629385536699046e-05,0.018354703306162262
0.1145995382704502,0.10625818239681337,0.8596954195973148,0.9645780987250633,9.205726890791177e-05,0.016960879643937134
0.10546866816313315,0.1037602646965731,0.725048682046723,0.7654002404908979,9.653153968988527e-05,0.017863071618107386
0.08382441857894124,0.09782378230720692,0.7248472058990076,0.9936285055552719,9.527281841943895e-05,0.01752306460306633
0.08509338533846703,0.09893761705716314,0.3083572657098919,0.8151352353405305,0.00010737305019991381,0.023910024902519346
0.07335075684915657,0.08346131703680827,0.491530510112327,0.9448058921601428,0.00010625059814152293,0.0227293276703056
0.09149280955930607,0.10788621463718781,0.586082992612653,0.8319704137084871,0.00010084357287067516,0.01985411180727818
0.0649409162568004,0.11822137789964575,0.6519889358397951,0.8487677123885695,0.00010312257999518814,0.021515500447040082
0.10504618489162265,0.08894876786991623,0.831190189591781,0.9183608393076593,9.050274003790846e-05,0.015960400861558803
0.06252289900394799,0.09931337473596426,0.8810181095383307,0.934823210518285,8.815936304827915e-05,0.01534726699344808
0.058805282346450924,0.10342109610773878,0.4012616896525704,0.970656690679446,9.91935083497946e-05,0.019914810558227452
0.11770553549762595,0.09056720365138039,0.6455453325637197,0.9347040609399311,9.977669437438373e-05,0.019124670293442066
0.05630466984862809,0.1038849355207112,0.883531009475802,0.8862406642200649,8.7314113390252e-05,0.015459447547590476
0.07913973233052046,0.11760940877975173,0.7536349514094502,0.8979636011792751,0.0001043895771870261,0.02289368875725744
0.07231908195302619,0.08148962502984057,0.6623614490962175,0.9497067801288744,9.453390464207644e-05,0.017304434184761696
0.06481357411808769,0.10040949485695486,0.4233699559141599,0.8569756526533798,0.00010099455330214054,0.020312864408337777
0.08019706405190272,0.11064983871229536,0.7006490645602834,0.9099229522581613,9.173681098265968e-05,0.016512884597243628
0.09855370452289763,0.10759508499550846,0.7629868939899827,0.6384561500140516,8.879747424467124e-05,0.015495056535682271
0.07217284316572942,0.11072671031983802,0.3830379164637556,0.6998518510449185,0.00010922659402735735,0.024165138381764862
0.05245494447563612,0.11200899740522932,0.5608842720143946,0.9899433782926084,0.00010398071091711107,0.021595002617503106
0.1091725446145976,0.10126825236215431,0.30159130045664645,0.921076329689231,0.0001126666166072937,0.02716846510807751
0.11614418288357604,0.10932177690428263,0.3333492341192906,0.6752569179470438,0.00011443227501264603,0.027476940035691656
0.07898774127235407,0.08970074608004773,0.4733415267617689,0.7021572007415461,0.00010134300721740557,0.020173829004677204
0.06184027843886332,0.09501475686308179,0.6184978966858963,0.8151304513068397,9.313805196472377e-05,0.016909823654296885
0.08685956486311701,0.09981683252350124,0.7761982522477602,0.656703728661159,9.288486490467232e-05,0.016891448392438547
0.07288206660121183,0.10414588875456975,0.3633969539946716,0.912688222375455,0.00010883424657369055,0.024108217484491986
0.06589940321228026,0.10848230284673209,0.566631470425671,0.7524679676929632,9.939620989664222e-05,0.0189382702365811
0.05904414849581261,0.10478049123890194,0.7584982507096627,0.833968819786708,9.340979166747172e-05,0.016928187624733405
0.09127730308811943,0.1173554392350869,0.8402631077267237,0.6581646807936903,0.00010063888051360365,0.021376276132805523
0.11674524690919574,0.09223021612499045,0.8496245836242851,0.6376149330410944,8.81052156473731e-05,0.015237170273537734
0.10662231461441107,0.08155717054612688,0.48961827824263104,0.9335031153658668,0.00010279639185567791,0.02088676113091668
0.06223813251371295,0.09882279938263408,0.5916516209614529,0.9326676380080746,0.0001023087879931319,0.02028661365315859
0.06514253718327516,0.08045298044537606,0.6470330912787623,0.7401635203462225,9.16406501424372e-05,0.016589112817792646
0.11560142846473546,0.10692139386406015,0.7663004231823063,0.6835879056083576,9.339573740676355e-05,0.017139292656825133
0.08218605878615418,0.0854294093991923,0.6960692298925302,0.7632092624268442,9.921332146343335e-05,0.019389731892411468
0.09392413366210323,0.11995051680463403,0.49305355115534377,0.6817876919245222,0.00010871597476251337,0.024218167869009072
0.07407294421435565,0.10851461993156858,0.3748963549475556,0.6491033838266572,0.00011393697636917049,0.027539139457203623
0.10513566856384965,0.09183783717166544,0.30863828695072454,0.8956448029707342,0.0001024857299548183,0.02272312760859873
0.058873499661909655,0.08272482992796037,0.5547144019838115,0.7789069248483189,9.98959404105438e-05,0.0193761144092474
0.056101326244636054,0.08268088260429995,0.5882328174698854,0.955070262554581,0.00010523879239628295,0.022332775578704604
0.07384396959330766,0.10971619720856475,0.4733353699026368,0.9822579418466996,9.546345082192304e-05,0.01800304899489196
0.10301444171012658,0.08942261044127457,0.8147404416328707,0.8036889869810011,9.748397345265903e-05,0.01907288577002357
0.061412231357890285,0.11255460353015503,0.4572031733002989,0.7345630336951855,0.00010331098164565337,0.02123097637936606
0.09523566982957901,0.08481505800340346,0.62621063114393,0.9407823365483915,9.845646524920373e-05,0.018655181288263115
0.07086639204149153,0.11378802698784701,0.4369113047477722,0.6960898963884629,9.765790224020405e-05,0.019212476663489183
0.05504467894666338,0.09333458116988766,0.4646314170806474,0.9496391481128077,9.885685579297609e-05,0.019448259055185244
0.053473738248328614,0.09582228707098138,0.6731067029091666,0.8549690001856773,9.673211733221984e-05,0.018222195747925902
0.11113617022016267,0.10654575908251171,0.4566355952679093,0.6636094171670149,9.665343177367638e-05,0.0189329277045139
0.05913925604429929,0.11455983529274108,0.5069061617672048,0.631615337401169,9.956075022419744e-05,0.019024607285567704
0.10887643839583339,0.09109240541740912,0.37852893675346144,0.8031502284216959,9.989129601263148e-05,0.020255920462519766
0.10412556993643385,0.11072263787334555,0.6062881694916324,0.7970085747469052,9.914545701530928e-05,0.019210437901107377
0.07983147835697535,0.11704741066830805,0.8063107965181155,0.9664349647037332,9.541293718647837e-05,0.017730693177665565
0.057515590065937455,0.09225041199536724,0.5982612957823272,0.7508786231775543,0.00010183509736931867,0.02014613535942872
0.1165213867378972,0.11011413692101574,0.8589356689406615,0.7506234517509115,8.964837183000646e-05,0.01627511414896381
0.07799572198365637,0.08791804444987401,0.6024095265587819,0.9699123108483907,9.469535983779956e-05,0.017693858099213883
0.10492647379542988,0.10028480371851531,0.4740319690053427,0.8798135471257054,0.00010097841774745902,0.019670342247159012
0.08899964074383739,0.08884503767261726,0.7742007215074165,0.9621916283745967,9.438501613009362e-05,0.01730274299277498
0.11914329634310455,0.09270021568057586,0.34192134419571973,0.9980469327975322,0.0001034889217076336,0.021952722274783655
0.08841297008947241,0.11016506793164207,0.40596252629990803,0.7592889297895803,0.00010448226610683201,0.021535266137314282
0.08738210688194496,0.08472782837611595,0.3694277116250752,0.7520534021518821,0.0001096146161647871,0.024429995574242382
0.05723761457836396,0.08999817909490332,0.7433881712491412,0.625596668915864,9.010659337237877e-05,0.016304937233786395
0.08689060808404164,0.09059587826847058,0.8589920415352992,0.7551009698674366,8.991463973363462e-05,0.015909762032550016
0.09239747133469517,0.09581940105220527,0.440977645349669,0.7490204684221577,0.00010244457976785503,0.020395386455815213
0.06336963559211704,0.10347556237802538,0.3237570388379029,0.6557179831447403,0.00011561070563666845,0.02779304242423047
0.06370342754705298,0.11507819529335059,0.5174483317251308,0.6912817881761776,0.00010193910088427171,0.02037094703159532
0.10493271081010225,0.10813863245505295,0.7364654177132486,0.7763073935270296,0.00010220666742655157,0.021186932720821554
0.08930427807535256,0.11410235460626321,0.34058846991233754,0.9807114959535973,0.00011342792270762534,0.02693229608241055
0.09809268871476445,0.09199919941827925,0.7490077524393336,0.6173349051688213,9.848407664669186e-05,0.019504646939655167
0.09537960953913335,0.09144637695833108,0.3518684419105699,0.6526785796603491,0.00010840038096845678,0.023878465219602938
0.0645264664908896,0.1112760275612247,0.7052767468918244,0.7896837979113454,9.605472424220631e-05,0.017847242943865204
0.1088820630620541,0.08005482301792158,0.3839668244277352,0.9835732277187306,0.00010187866304526807,0.02078857693196889
0.057205982657171014,0.09088529434948203,0.7222186066745804,0.9365694568597127,9.725389216372571e-05,0.018617849989430554
0.1053828905014946,0.08805771062581567,0.6689157321361419,0.8128514559567598,9.879726789140991e-05,0.019498588215453208
0.09088521790151663,0.1067599900868351,0.7836186550356192,0.9919119744011246,9.242605455067787e-05,0.016807216452175224
0.09364956943317292,0.09215395629170058,0.45392199263472977,0.6803715162078918,0.00010099914767366598,0.01987206624306765
0.06232879192839037,0.10688349821958126,0.7370822478741319,0.7773834829119081,9.877976454973535e-05,0.0189145803254913
0.07062494315642145,0.09882587219059027,0.504953420516336,0.7476034829114468,9.826329750994073e-05,0.0189662785272562
0.08741014244868082,0.10577574050792546,0.3643718616602329,0.8845962182777997,0.00010491506406750095,0.02218656085047407
0.055936291730942986,0.10374993690366179,0.7066458529088102,0.8724123335431674,9.569639171270725e-05,0.017662708102341235
0.09761006919291863,0.11114375978209037,0.40410735615615706,0.8262241271355456,0.0001052143743493774,0.02196619475711299
0.08277189219167261,0.10243700068118052,0.38519532038091303,0.9589424205805029,0.00010225047265959208,0.020955681926763843
0.07547309550487717,0.10852768177544393,0.5777194320935433,0.6279981874989263,9.953062890195244e-05,0.019391553479996368
0.10320531876147898,0.0949081093229408,0.6476314639054308,0.8173566565775727,0.00010023616080643893,0.01981872151265275
0.0672147607901182,0.10378789389405313,0.30520783254702966,0.7074470388623653,0.00010376202160764998,0.022951249461168936
0.11098958800590095,0.10386855153597797,0.419567785833857,0.9303525218814599,9.99699178978908e-05,0.019934924680797814
0.10331383586993725,0.11965901277957405,0.6660930119697281,0.7454088190899373,0.0001034667000460527,0.021812599669635772
0.11597626938185362,0.08233825827067674,0.3123637339926322,0.7615878210142235,0.00011165863021707446,0.02614465226447579
0.08588582956527749,0.09522387528172338,0.7089156737399988,0.9319527504651649,9.827815929606043e-05,0.0191885499398815
0.06985890198393414,0.08596666459705911,0.5514343718876682,0.9941435414612896,9.961217166863294e-05,0.01944384835335655
0.0998500484039252,0.095840181953265,0.41974079615719656,0.9396488999978655,0.00010177812998762182,0.020641010068424216
0.1124316214721606,0.09738344737017032,0.5306371034554878,0.9333048619796256,0.00010836196158603949,0.02401766314153464
0.07904576389337671,0.08754712432819138,0.34713426325313423,0.6075301204875734,9.983767193718352e-05,0.02089087265675751
0.1046864628333978,0.08169037799896225,0.39715277086503303,0.9716493107478739,9.940775912609606e-05,0.020195535879828547
0.0809857173905898,0.11245123633016468,0.56275882357008,0.9571955325911221,9.82063636048878e-05,0.018983192819852918
0.09169223734663728,0.0913525436635826,0.32332741813498383,0.7626365626504162,0.00010245129920364123,0.02213958956258081
0.11864498768703709,0.09790238220093517,0.35980805877484384,0.906185493573844,0.00010781096819323202,0.023358074037021167
0.11164664386626416,0.11704609072339076,0.5077612245874661,0.8785444914721786,0.00010066658745726903,0.01982385381186065
0.05647281216902308,0.0900033540596692,0.7753402547290331,0.917932811893961,0.00010424660179379224,0.02337612202108611
0.10817609908594916,0.09683072521149048,0.5940948721798949,0.7356932798614535,0.00010469519542443041,0.022022620802244246
0.060118561325077584,0.08314178140209094,0.73610641334497,0.9016206644812211,9.930837372597655e-05,0.019485721777633764
0.09879650545527394,0.10815256746209634,0.38287889561532534,0.703949790249602,0.00011376582283612394,0.02691602038342648
0.06868019115403477,0.08823223263770136,0.7778546324190077,0.9581150896144434,9.586717235867794e-05,0.017956065561353717
0.08234765674693822,0.11420989531425503,0.4747083229400004,0.7228618773079172,0.00010681365502908968,0.022803716762852436
0.07566811014458297,0.11967596748721891,0.5167101858696279,0.8706764878071047,9.562105923924616e-05,0.01799161815549402
0.08195842157654906,0.1086499197899565,0.772325634814695,0.7528138067045691,9.518405915921331e-05,0.017542729568896645
0.11702081370495751,0.10575022724557588,0.807668887367273,0.8117040706057964,9.042358507928317e-05,0.016207550006194872
0.06068987345252244,0.10612907566530151,0.8211909476011563,0.8723098634258823,8.805865142766744e-05,0.015055921448399054
0.08892548695001559,0.10743896412030894,0.6856725556553465,0.9571814858953219,9.889410641624254e-05,0.01915996088165336
0.052566033975950846,0.08310050043362686,0.7430906250659481,0.8717285006831283,9.859954097157612e-05,0.01948598916828092
0.08400075066641462,0.09237334789014846,0.49436647814708023,0.6034065719620985,9.528839661215246e-05,0.018214610913898987
0.09306256308390816,0.08405364958990526,0.44147986680368434,0.9546211674056362,9.63179652209645e-05,0.01854150570634355
0.07913080960422111,0.08278497409591203,0.8276404745005401,0.6665016130077263,8.787673803209254e-05,0.0150956131009332
0.11405643141368749,0.1198339479961116,0.5767501468468264,0.7251982324959445,0.00010694653710618904,0.02361100963782326
0.08571469954624628,0.1072443767933553,0.7104313144725172,0.878044358481896,9.010618628422677e-05,0.01568076455150626
0.0774901114138865,0.11032785606862175,0.32472248851424484,0.8505601915021477,0.00010141498124447642,0.021400225554246234
0.07476846099454681,0.09301017838073619,0.32377583467295695,0.880378012015358,0.00010704247100370186,0.023268401741885276
0.11088456961285266,0.10593580125625032,0.6986336342410996,0.8337904803110012,9.52021691852561e-05,0.017551931009400917
0.11099820998901527,0.1115870739137203,0.7600257224453959,0.8564462375645236,0.00010191765073131326,0.021427226811766707
0.09116976774686272,0.10806929148009303,0.3283634204353472,0.6555307182431207,0.000100930085688462,0.021714321763871527
0.067184155358676,0.09971026917293224,0.5225001477890594,0.743223611018771,0.00010507519601049331,0.021647225547174544
0.08365701119447508,0.08164623095666407,0.8522555632173576,0.9680754589050361,9.951828857269923e-05,0.020279345047952653
0.09332354870226135,0.11726683575766733,0.6931053153860267,0.6925252524854906,9.400114910571112e-05,0.017394789375741165
0.05359530932626527,0.10291788728023846,0.6267137495359323,0.7035956737169229,9.200540994682678e-05,0.016663964380392114
0.053395116854508554,0.11731835366547036,0.4141405374764977,0.7029642529718347,9.98624735189008e-05,0.019637478118318927
0.11935563657156006,0.09871477351635816,0.4605516156251208,0.9647820532144882,9.833797312409308e-05,0.019280349542752397
0.09880255446892391,0.10393080560738105,0.8257282096456082,0.9487279217022849,9.523840402111603e-05,0.01782796828843733
0.06743844167180657,0.08055500865975508,0.33273453037978723,0.6401751048758847,0.00010540994234177373,0.02276380903228453
0.05116943216924204,0.08956223627895056,0.4948801871345506,0.8294873090203001,0.00010324020353671073,0.020904499473245193
0.08204003891725245,0.10799722416422797,0.42310771758639454,0.6469336280380896,0.00010127889121811359,0.019971642248357752
0.050997539853942495,0.10291805280122666,0.36897773354403274,0.6010864221388328,0.0001002924914165882,0.02075414205837495
0.08055238764247309,0.09059423148300558,0.5367743726994223,0.6903365764097362,9.80279522153792e-05,0.018700100741270247
0.0846511821207939,0.10322041705819787,0.4686272804650988,0.6514663469419897,0.00010445775322871236,0.02211156542322027
0.11820650489993138,0.0897987461598462,0.8911016754109022,0.6489850178955084,9.216399285453278e-05,0.01699493244779812
0.08985022501871501,0.1155601939363474,0.5290024360657966,0.931704177852337,9.505803971182473e-05,0.0177357984585391
0.051996069598803624,0.09558424255499776,0.31207448651578396,0.9496707943094218,0.00010693427491481394,0.02390440068363123
0.11881068874406772,0.09189408042909544,0.5642681349853125,0.6396675831595976,0.00010744012437161198,0.023566094868775502
0.11724644548419547,0.0923165022068279,0.5167192292151228,0.7145948223166319,9.880994407396036e-05,0.01904428415767388
0.11880525332340755,0.10961277175001641,0.6637309952820026,0.707663598013112,9.5771283558106e-05,0.01802954195865238
0.08477356146151484,0.10550734881210654,0.8377991529888544,0.9650166121831191,9.36658827772647e-05,0.01744326674223025
0.06652376002408066,0.10764305970541849,0.6142883068883527,0.9124541007920747,0.00010131972024721908,0.02041481258079589
0.11754309336777256,0.10037942581494784,0.535266022912729,0.7983521263426785,9.502095430896248e-05,0.01792351360694172
0.0923362435575696,0.10840738883523751,0.7631681968633852,0.7123417366412176,9.893344394687482e-05,0.01933616765739064
0.06452421173974528,0.11864810967278734,0.8496740942214767,0.9752363073583531,9.889157247591758e-05,0.020138837493560584
0.08639477085219219,0.08966329978882862,0.8913981664044199,0.8340231233112434,9.773306410439892e-05,0.0198401566845253
0.11791766091847401,0.11938998242403605,0.591136816940472,0.7251424704493666,0.00010672999375879367,0.023324023130111806
0.09110454472496535,0.09095475233721062,0.7483357594215667,0.9798694479231691,9.35545431456196e-05,0.01704176709549168
0.06734864285566797,0.08300755371699065,0.7194410823104284,0.6091746866568389,9.174013772732804e-05,0.01629780578351768
0.08883562149981164,0.1093535372956431,0.8122446037745588,0.6935411562209713,9.127948142997303e-05,0.016104600977770497
0.10521733356658244,0.1092584331335914,0.35816186747223605,0.67036040914859,0.00010992010087925463,0.02466263353165141
0.10387572931367471,0.08173966208097609,0.42502403783189274,0.9843968246176483,0.00010917723136570475,0.02421747549534134
0.08419718929682818,0.09202726286036678,0.7554189251585197,0.7533817785344267,9.693576464720033e-05,0.018622412591184145
0.10171269062778798,0.08872904372811771,0.5165562215112446,0.8771399641110289,9.416843598716207e-05,0.017562828444295284
0.07593188787317331,0.11443746467018506,0.7234011324968603,0.8117423909420435,9.040205524011806e-05,0.015817567388386883
0.11711640560729718,0.08368009589338347,0.7896671616478446,0.8211104656830832,9.63207995312946e-05,0.018633690026134176
0.10784622004109831,0.08833208530952538,0.8326538671909294,0.8194594539372304,8.740834442834475e-05,0.015230242095864146
0.0864041792116872,0.10680315896240125,0.7381091029946396,0.6464935574639074,9.47217701321017e-05,0.017513954536885736
0.11719517368713923,0.10201873813112027,0.8344260170587181,0.7246216438800682,9.610536214655813e-05,0.01851010204915895
0.07822805499129261,0.08926185535440558,0.668270814334246,0.6117871216567524,9.059693682251457e-05,0.016412689341565048
0.09699813749776487,0.08819730952409567,0.41432588202478515,0.7916554768279531,9.879422569466565e-05,0.019508650003802464
0.10432259700312156,0.09312831821916885,0.6418507092032413,0.7259790385230149,9.819635503175819e-05,0.018451153859699487
0.11010878841669777,0.09252700608156442,0.4471462844205223,0.9211037033575529,0.00010498111820551737,0.02162278225443904
0.05960405196733858,0.08873411809966777,0.3102992956724472,0.92440814691523,0.00011572414881755927,0.02799446525814838
0.0657532550261498,0.08420914924673902,0.48744264958212136,0.8841771298854966,0.00010407601488754703,0.021552989802626613
0.0810102518664044,0.10060827546165976,0.5077052157824876,0.7682432878735663,9.659038575401599e-05,0.018463362821357306
0.056425348447135044,0.08042701010061426,0.5064224911589947,0.9682202232300917,0.00010774596878782202,0.023646599608386054
0.11023215890140493,0.10456923911415383,0.5006404156239307,0.9853659452622406,9.61878925092845e-05,0.018342060398002527
0.09339384071323534,0.10863967533256216,0.5396457019770744,0.8613969995443127,9.615729295470891e-05,0.018140517963086845
0.0905310934291722,0.09506070096256505,0.33774449460450023,0.8903085833904802,0.00010210668181709648,0.021809554262018114
0.06845552124981633,0.10016528087272178,0.8848758328948194,0.623475225663359,8.649721851237793e-05,0.014985861236263278
0.10573687532775039,0.08899888216234203,0.5321494782508676,0.7475827499068401,9.850721890438569e-05,0.018793026477115872
0.05414147569930571,0.10147661538114627,0.5762442078665759,0.6824021062774792,0.00010111398477384809,0.020291061432725625
0.08338526601856114,0.09526972669151874,0.5397666420650684,0.8202021093628429,9.83953098013412e-05,0.018630113820302684
0.11594477469112034,0.08252139076688189,0.48053288129339955,0.6732558613941828,0.00010465657113809692,0.022170738215218307
0.055157351639134454,0.09112565943593165,0.6066276088375308,0.680711432367874,0.00010689332291840552,0.02422708020768179
0.08133238462657345,0.1020823205671729,0.36110816713870286,0.683436596907347,0.00010119341356370308,0.021033886994510916
0.1100502949702054,0.10001058094912874,0.6613228077398533,0.737473287245374,9.613087383304582e-05,0.018148347001851688
0.08089209173529807,0.08770607506601573,0.8159970323302412,0.9112314558754611,8.831775336706963e-05,0.015525457648895596
0.1112582643395126,0.09076321018957637,0.5056980588545659,0.7772424280315509,9.608287402658043e-05,0.018387631453718342
0.11664455214202743,0.10252466553663861,0.8181348453545219,0.6464772843613654,0.00010016609741604511,0.02073972260406033
0.09629051089696797,0.10207346450902344,0.49399174265686524,0.8288829034984012,9.566429764550247e-05,0.018406391166071054
0.06655197325162425,0.10830894131725331,0.3182808339227263,0.7772433288412677,0.00011211055209586906,0.025985880545621586
0.05094434255274217,0.08549589119527966,0.7785733173441662,0.7169816430536815,0.00010108173749599575,0.020917805090134495
0.11849872451846047,0.09345736983970018,0.7346024581023021,0.9311493286389533,0.00010052295244028594,0.02042047280764354
0.07980753715955016,0.1189934995709484,0.3379032206530666,0.9139259550594591,0.00010779418228720813,0.02363177126022658
0.10425894358474681,0.09529684107408284,0.7523237333097883,0.8039145462639842,9.559290314550439e-05,0.01813005949068323
0.108525698071158,0.10017629837783483,0.7626532296410626,0.9874363497842633,9.028880334690338e-05,0.016046281096305483
0.1084959320482656,0.10880728154984798,0.36981852481158756,0.8805040115755215,0.00010396723022047672,0.02158363263170015
0.09175958193827057,0.09437342176757149,0.7123666023418853,0.8157184568548572,9.417159827006214e-05,0.017103059769509314
0.11543500448909577,0.0903045770934297,0.3584587523572782,0.8148244703041057,9.96866511640778e-05,0.02055231483997656
0.09365307780148013,0.093692243685546,0.44226097565715383,0.8141671537959553,0.00010041517727544537,0.01989954829906334
0.07309914989003699,0.09777103692818373,0.36710080751329965,0.8309159762669696,0.00010501947312474684,0.022199212266413887
0.1122979578272971,0.08072183739301418,0.6027199621657964,0.7885198226384323,9.845590122645118e-05,0.018808895941057814
0.06429456360850258,0.10123477320739234,0.6233685345978226,0.8931568636462177,0.00010282596369122585,0.021243018104349646
0.05396924166832556,0.11982681194400163,0.46595218991836274,0.8085228953327527,0.00010527070148894107,0.021760934831423478
0.08947700604244035,0.09617880058839746,0.44196608334456966,0.7702404528951186,0.0001045992533214527,0.02153229724619315
0.07070543795479657,0.09592166754549553,0.5412813173583375,0.7399997381725507,0.00010258122460034747,0.02067323995131612
0.05717226860817956,0.11130997076500371,0.33873656809011926,0.9380745075791903,0.00011057319571428945,0.025089527318658423
0.07512124228386644,0.09453600916899407,0.8706196316905583,0.9947822681572915,0.00010305237922268672,0.023281490235551806
0.06605399140235158,0.08470556185898724,0.5621599555560195,0.6618273483036593,0.00010259205344593176,0.020923237959435497
0.07415182985952912,0.08793517611045848,0.4390741563680271,0.6155731074776819,0.00010783591189970027,0.023290466164918547
0.07771455382287666,0.1148097385794895,0.8086864635222968,0.8170153196468974,9.58577027114755e-05,0.01819078641278671
0.05042926994124946,0.10744293177679559,0.6880245552564395,0.98345785668993,0.0001065134751966763,0.024400618450560713
0.06163277958157021,0.08416739225143752,0.7976521254887528,0.8381999543828071,9.298947583629876e-05,0.017015289570505236
0.08100105765344517,0.08658986869174623,0.8129019258404213,0.6792584491443021,8.898923000460885e-05,0.015476645856010156
0.11501550422306785,0.09370056373881311,0.3764079539900199,0.756947741925629,0.0001033111090877459,0.02163292172696824
0.054020225526614285,0.10548050166551284,0.31696099472660594,0.8088920498391774,0.00010277196562365815,0.02220276137470608
0.06092741968441489,0.09419310182542887,0.47679568828528884,0.8551696354888965,0.0001014405211472236,0.01975531835227958
0.07201658619182659,0.10456262992590998,0.32936638882170716,0.6189552384183682,0.00010874389986266913,0.024327544807853606
0.09493052694729948,0.08848535627764352,0.6040604285829716,0.7365940214259801,9.47840228829684e-05,0.01751450653763804
